"id","type","boatClass","make","model","year","condition","length_ft","beam_ft","dryWeight_lb","hullMaterial","fuelType","numEngines","totalHP","maxEngineYear","minEngineYear","engineCategory","price","sellerId","city","state","zip","created_date","created_month","created_year"
7229217,"power","power-cruiser","Carver","3207 Aft Cabin",1984,"used",32,117,NA,"other","other",1,0,NA,NA,NA,19900,27369,"Red Wing","MN",NA,"2019-09-24",9,2019
7121237,"power","power-center","Everglades","350",2008,"used",35,10.67,NA,"fiberglass","gasoline",3,1050,NA,NA,"outboard",179900,245527,"Port St. Lucie","FL","34592","2019-06-19",6,2019
6842735,"power","power-jon","Tracker","Topper 1036 Riveted Jon",2019,"new",9.83,4.33,112,"aluminum","",1,0,NA,NA,"outboard",789,1060,"Midland","TX","79707","2018-09-13",9,2018
5411806,"power","power-bowrider","Sea-Doo","Speedster",2006,"used",20,8,2770,"fiberglass","gasoline",1,0,NA,NA,"",17900,5571,"New Windsor","NY","12553","2015-10-08",10,2015
7268385,"power","power-cruiser","Yamaha Boats","AR195",2020,"new",20,98,NA,"other","other",1,0,NA,NA,"",38599,46516,"Wayzata","MN",NA,"2019-10-30",10,2019
5860913,"power","power-center","Bay Stealth","2430",2000,"used",24,8.33,2300,"fiberglass","gasoline",1,300,2008,2008,"outboard-2s",28750,14284,"Seabrook","TX","","2016-07-06",7,2016
7189390,"power","power-bass","Nitro","Z19 pro package",2020,"new",19,NA,NA,"other","other",1,0,NA,NA,"",46620,12868,"Warsaw","MO",NA,"2019-08-20",8,2019
6943860,"power","power-deck","Hurricane","SunDeck SD 2486 OB",2019,"new",24,9,NA,"fiberglass","other",1,0,NA,NA,"",67900,154750,"Fort Lauderdale","FL","33315","2018-12-22",12,2018
7218992,"power","power-pontoon","Ranger","220FC",2020,"new",22,NA,NA,"other","other",1,0,NA,NA,"",40135,12868,"Warsaw","MO",NA,"2019-09-14",9,2019
7055543,"power","power-jon","Tracker","Topper 1036 Riveted Jon",2019,"new",9.83,4.33,112,"aluminum","",1,0,NA,NA,"outboard",789,2933,"Millville","NJ","08332","2019-04-19",4,2019
6219877,"power","power-other","Yamaha Outboards","F20",2019,"new",3,1,NA,"other","gasoline",1,20,NA,NA,"outboard",3299,34547,"Searcy","AR","72143","2017-04-28",4,2017
6857759,"power","power-cruiser","Albin","28 Tournament",2000,"used",28,10,7500,"fiberglass","diesel",1,315,2000,2000,"inboard",49900,30041,"Palmetto","FL","34221","2018-09-27",9,2018
6839320,"power","power-pontoon","Sun Tracker","Party Barge 22 RF DLX",2019,"new",24.17,8.5,2000,"aluminum","",1,115,NA,NA,"outboard",33640,152266,"Kennesaw","GA","30152","2018-09-11",9,2018
7112914,"sail","sail-other","Jackhelms C","Sail",1977,"used",24,NA,NA,"fiberglass","other",1,0,NA,NA,"",7300,103894,"Wrightsville","PA",NA,"2019-06-13",6,2019
7041942,"power","power-bass","Nitro","Z18",2019,"new",18.67,7.83,1700,"fiberglass","gasoline",1,150,NA,NA,"outboard",34155,1114,"New Braunfels","TX","78132","2019-04-08",4,2019
6792969,"power","power-bass","Nitro","Z18",2019,"new",18.67,7.83,1700,"fiberglass","gasoline",1,150,NA,NA,"outboard",34585,155595,"Hoffman Estates","IL","60192","2018-08-01",8,2018
6902869,"power","power-pontoon","Sun Tracker","Party Barge 22 DLX",2019,"new",24.17,8.5,1920,"aluminum","",1,115,NA,NA,"outboard",32245,1173,"Smyrna","DE","19977","2018-11-07",11,2018
7271050,"power","power-runabout","Sea Ray","210 SLX",2012,"used",21,8.5,NA,"fiberglass","gasoline",1,260,NA,NA,"inboard",34500,269549,"Reston","VA",NA,"2019-11-01",11,2019
6700594,"power","power-aluminum","Tracker","Targa V-18 WT",2018,"new",19.08,8.5,2060,"aluminum","",1,150,NA,NA,"outboard",29945,60580,"Bridgeport","CT","06608","2018-05-03",5,2018
7185682,"power","power-bowrider","Scarab","215ID/IMPULSE",2020,"new",21,8.33,NA,"fiberglass","gasoline",2,0,NA,NA,"",68878,185684,"Waterford","MI","48328","2019-08-17",8,2019
7136629,"power","power-pontoon","Sylvan","Mirage Fish 8520 Cruise-n-Fish",2019,"new",20,NA,NA,"other","other",1,0,NA,NA,"",27979,55887,"Foley","AL",NA,"2019-07-02",7,2019
6892827,"power","power-cruiser","Silverton","34 Convertible",1988,"used",34,12.5,NA,"fiberglass","gasoline",2,540,1988,1988,"inboard",19900,62479,"Wildwood","NJ",NA,"2018-10-29",10,2018
6969120,"power","power-center","G3","Gator Tough 18 CCT",2019,"new",18.08,6.67,870,"aluminum","gasoline",1,90,2019,2019,"outboard",23499,34692,"Goldsboro","NC","27534","2019-01-25",1,2019
6905954,"power","power-aluminum","Tracker","Targa V-19 WT",2019,"new",19,8.5,2001,"aluminum","",1,175,NA,NA,"outboard",39235,155528,"Noblesville","IN","46060","2018-11-09",11,2018
7218225,"power","power-other","Carolina Skiff","18 JVX",2009,"used",18,NA,NA,"other","other",1,0,NA,NA,"",13495,34622,"St Marks","FL",NA,"2019-09-13",9,2019
7056953,"power","power-aluminum","Tracker","Targa V-19 WT",2019,"new",19,8.5,2001,"aluminum","",1,200,NA,NA,"outboard",41875,34422,"Forest Lake","MN","55025","2019-04-20",4,2019
6835550,"power","power-aluminum","Ranger","VS1882 SC",2018,"new",18.67,8,1790,"aluminum","gasoline",1,150,NA,NA,"outboard",31914,155595,"Hoffman Estates","IL","60192","2018-09-07",9,2018
7163904,"power","power-cruiser","Regal","3060 Regal",2006,"used",30,10,NA,"fiberglass","gasoline",1,0,NA,NA,"",49900,66930,"Jensen Beach","FL","34957","2019-07-30",7,2019
6674292,"power","power-bass","Tracker","Pro Team 195 TXW 40th Anniversary Edition",2018,"new",18.58,8.17,1215,"aluminum","",1,150,NA,NA,"outboard",29630,155543,"Henrico","VA","23233","2018-04-09",4,2018
7126264,"power","power-saltfish","Pursuit","2470 Walkaround",2004,"used",24,8.5,3800,"fiberglass","gasoline",1,225,NA,NA,"outboard-4s",46900,6654,"Hull","MA",NA,"2019-06-24",6,2019
7092394,"power","power-other","Ranger","520 Dvx",2002,"used",20.9,8,NA,"fiberglass","gasoline",1,225,NA,NA,"outboard",24995,39914,"Hesston","PA","16647","2019-05-23",5,2019
6674764,"power","power-cruiser","Bayliner","2255",1991,"used",22,8,NA,"fiberglass","gasoline",1,0,NA,NA,"inboard-outboard",3995,34567,"Everett","WA","98201","2018-04-09",4,2018
7164746,"power","power-fresh","Caravelle boat group","186 BAY",2018,"new",18,NA,NA,"other","other",1,0,NA,NA,"",28990,164670,"Ridgeland","SC",NA,"2019-07-30",7,2019
7132964,"power","power-center","Tidewater","230 LXF",2014,"used",23,8.83,3200,"fiberglass","gasoline",1,250,2014,2014,"outboard",59900,65591,"Kemah","TX","77565","2019-06-30",6,2019
7135299,"power","power-pontoon","Sun Tracker","Party Barge 22 DLX",2019,"new",21,9,NA,"aluminum","gasoline",1,0,NA,NA,"outboard",30855,31870,"Russells Point","OH",NA,"2019-07-02",7,2019
7263546,"power","power-fresh","G3","Sportsman",2020,"new",16,NA,NA,"other","other",1,0,NA,NA,"",19495,32348,"Kingston","OK",NA,"2019-10-25",10,2019
6898837,"power","power-pontoon","Sylvan","8522 LZ MIRAGE",2019,"new",22,102,NA,"aluminum","other",1,0,NA,NA,"",30990,34563,"Lincolnton","GA",NA,"2018-11-02",11,2018
5015919,"power","power-motor","Leopard","Express Motor Yacht",2007,"used",75,17.5,NA,"fiberglass","diesel",2,2366,2007,2007,"inboard",949000,61420,"Miami","FL",NA,"2015-03-12",3,2015
7229055,"power","power-pontoon","Sun Tracker","Fishin' Barge 20 DLX",2017,"used",20,NA,NA,"aluminum","other",1,0,NA,NA,"",24000,140670,"Houston","TX","77586","2019-09-24",9,2019
7164747,"power","power-fresh","Caravelle boat group","206 BAY",2018,"new",20,NA,NA,"other","other",1,0,NA,NA,"",38990,164670,"Ridgeland","SC",NA,"2019-07-30",7,2019
7004820,"power","power-aluminum","Tracker","Super Guide V-16 SC",2019,"new",16,6.33,875,"aluminum","",1,50,NA,NA,"outboard",17195,12945,"Perry","GA","31069","2019-03-04",3,2019
6964640,"power","power-bass","Skeeter","FX 20",2014,"used",20.17,7.92,2075,"composite","gasoline",1,250,NA,NA,"outboard-4s",47900,100688,"Oklahoma City","OK","73127","2019-01-22",1,2019
7125278,"power","power-pontoon","Sun Tracker","Fishin' Barge 22 XP3",2019,"new",24.17,8.5,2680,"aluminum","",1,150,NA,NA,"outboard",40140,50926,"Waco","TX","76710","2019-06-24",6,2019
7256546,"power","power-bass","Stratos","201 PRO",1998,"used",20,NA,NA,"fiberglass","other",1,0,NA,NA,"",11995,34519,"Bloomsburg","PA",NA,"2019-10-19",10,2019
6823785,"power","power-center","Mako","334 CC",2019,"new",33.33,9.83,10905,"fiberglass","gasoline",2,700,2019,2019,"outboard",264900,1041,"Denham Springs","LA","70726","2018-08-28",8,2018
7045520,"power","power-pontoon","Sun Tracker","Fishin' Barge 24 DLX",2019,"new",26.17,8.5,2095,"aluminum","gasoline",1,115,NA,NA,"outboard",34850,144237,"Moncks Corner","SC","29461","2019-04-11",4,2019
6880348,"power","power-bass","Nitro","Z18",2019,"new",18.67,7.83,1700,"fiberglass","gasoline",1,150,NA,NA,"outboard",33850,1250,"Olathe","KS","66061","2018-10-18",10,2018
7227592,"power","power-cuddy","Sea Sprite","225 Cabin Boat Fiberglass",1994,"used",21,NA,NA,"other","other",1,0,NA,NA,"",999,36340,"Philadelphia","PA",NA,"2019-09-23",9,2019
6908066,"power","power-bass","Nitro","Z18",2019,"new",18.67,7.83,1700,"fiberglass","gasoline",1,150,NA,NA,"outboard",32980,10176,"Lakeville","MA","02347","2018-11-12",11,2018
6823219,"power","power-center","Mako","414 CC",2019,"new",41,11.92,16840,"fiberglass","gasoline",4,1400,2019,2019,"outboard",513245,1176,"Hampton","VA","23666","2018-08-28",8,2018
7248686,"power","power-expresscruiser","Sea Ray","500 Sundancer",1998,"used",55,15,NA,"fiberglass","diesel",2,0,NA,NA,"",194900,6159,"Grand Haven","MI","49417","2019-10-12",10,2019
6721105,"power","power-pwc","Sea-Doo","SPARK® 3-up Rotax 900 HO ACE iBR® & CONV",2018,"new",10,3.83,421,"fiberglass","gasoline",1,90,NA,NA,"outboard",6599,35079,"Grand Island","NY","14072","2018-05-23",5,2018
7269490,"power","power-bay","Sportsman","Masters 247 Bay Boat",2020,"new",24,NA,NA,"other","other",1,0,NA,NA,"",77950,34553,"Fort Walton Beach","FL",NA,"2019-10-31",10,2019
6848709,"power","power-aluminum","Tracker","Targa V-18 Combo",2019,"new",18.17,8.5,2092,"aluminum","",1,175,NA,NA,"outboard",37445,155640,"Richfield","WI","53076","2018-09-19",9,2018
7164730,"power","power-fresh","Caravelle boat group","236WI",2018,"new",23,NA,NA,"other","other",1,0,NA,NA,"",39999,164670,"Ridgeland","SC",NA,"2019-07-30",7,2019
7178499,"power","power-bass","Ranger","RT188C",2020,"new",18,NA,NA,"other","other",1,0,NA,NA,"",25390,12868,"Warsaw","MO",NA,"2019-08-09",8,2019
7009743,"power","power-deck","Hurricane","SunDeck SD 2690 OB",2019,"new",26,9,NA,"fiberglass","other",1,0,NA,NA,"",89999,162703,"Islamorada","FL",NA,"2019-03-07",3,2019
7008547,"power","power-deck","Tahoe","2150",2019,"new",21.08,8.5,3235,"fiberglass","gasoline",1,225,NA,NA,"outboard",48035,155528,"Noblesville","IN","46060","2019-03-07",3,2019
6598394,"power","power-jon","Tracker","Grizzly 1860 CC Sportsman",2018,"new",19.5,7,1440,"aluminum","",1,60,NA,NA,"outboard",21290,36334,"Harlingen","TX","78550","2018-01-31",1,2018
7197502,"power","power-bowrider","Sea Ray","230 Bow Rider",2000,"used",23,NA,NA,"fiberglass","other",1,0,NA,NA,"",18500,5266,"Madison","WI","53704","2019-08-28",8,2019
6171211,"unpowered","unpowered-kayak","Ascend","H12 Sit-In (Olive)",2017,"new",12,2.67,76,"other","",1,0,NA,NA,"",699,39423,"Millsboro","DE","19966","2017-03-14",3,2017
6881986,"power","power-pontoon","Starcraft","CX FD4",2019,"new",23,102,NA,"aluminum","gasoline",0,NA,NA,NA,"",43500,55696,"La Follette","TN","37766","2018-10-19",10,2018
6291116,"power","power-pontoon","Starcraft","MX 23 C",2017,"new",24.83,8.5,2425,"aluminum","gasoline",1,0,NA,NA,"outboard",37900,34634,"Middletown","PA","17057","2017-07-06",7,2017
6967727,"power","power-aluminum","Tracker","Super Guide V-16 SC",2019,"new",16,6.33,875,"aluminum","",1,40,NA,NA,"outboard",16495,1211,"Kodak","TN","37764","2019-01-24",1,2019
7185536,"power","power-deck","Sea Ray","310SLX",2020,"new",31,NA,NA,"other","other",1,0,NA,NA,"",325281,5004,"N Tonawanda","NY",NA,"2019-08-16",8,2019
7243167,"power","power-bass","Tracker","Pro Team 175 TXW",2011,"used",17.58,7.42,993,"aluminum","other",1,0,NA,NA,"",9500,40300,"Eastland","TX",NA,"2019-10-07",10,2019
7166764,"power","power-skiwake","MB Sport","TOMCAT F22",2014,"used",23,NA,NA,"other","other",1,0,NA,NA,NA,52041,34869,"Alexander City","AL",NA,"2019-08-01",8,2019
7250448,"power","power-pwc","Yamaha Boats","Waverunner VX",2019,"new",8,NA,NA,"other","other",1,0,NA,NA,NA,9699,100688,"Oklahoma City","OK",NA,"2019-10-14",10,2019
7170296,"power","power-pontoon","Bennington","23RSB",2019,"new",25,NA,NA,"other","other",1,0,NA,NA,NA,61999,27369,"Red Wing","MN",NA,"2019-08-05",8,2019
6902835,"power","power-bass","Tracker","Pro Team 195 TXW Tournament Edition",2019,"new",18.58,8.17,1215,"aluminum","",1,150,NA,NA,"outboard",31650,50174,"Cary","NC","27513","2018-11-07",11,2018
7239744,"power","power-cruiser","Chaparral","216SSI",2000,"used",22,NA,NA,"other","other",1,0,NA,NA,NA,12999,27369,"Red Wing","MN",NA,"2019-10-03",10,2019
4554897,"power","power-deck","Silverton","41 Convertible",1998,"used",46,NA,NA,"fiberglass","other",1,0,NA,NA,"",89900,34373,"Pittsburgh","PA",NA,"2014-01-23",1,2014
6946090,"power","power-jet","Chaparral","Vortex 2430 VRX",2019,"new",24,9,NA,"fiberglass","other",1,0,NA,NA,"",85020,34996,"Buford","GA",NA,"2018-12-31",12,2018
7155420,"power","power-expresscruiser","Cruisers Yachts","3672 Express",2000,"used",36,13,NA,"fiberglass","gasoline",2,0,NA,NA,"inboard",89900,56263,"Harrison Township","MI","48045","2019-07-23",7,2019
7180579,"power","power-pontoon","SunCatcher","V Series",2019,"new",22,NA,NA,"other","other",1,0,NA,NA,NA,35500,100688,"Oklahoma City","OK",NA,"2019-08-12",8,2019
6831181,"power","power-skifish","Regal","1700 LSR",1998,"used",19,NA,NA,"other","other",1,0,NA,NA,"",2995,34959,"Marrero","LA","70072","2018-09-04",9,2018
7164836,"power","power-other","Other","208 CUDDY",2008,"used",20,NA,NA,"other","other",1,0,NA,NA,"",16995,215788,"Palm Harbor","FL",NA,"2019-07-30",7,2019
6952171,"power","power-pontoon","Sun Tracker","Party Barge 22 DLX",2019,"new",24.17,8.5,1920,"aluminum","",1,150,NA,NA,"outboard",35680,1145,"Tyler","TX","75762","2019-01-09",1,2019
7203669,"power","power-skiwake","Axis Wake","T SERIES T23",2016,"used",23,8.06,NA,"fiberglass","gasoline",1,0,NA,NA,"v-drive",59995,47688,"Buford","GA",NA,"2019-09-03",9,2019
6813737,"power","power-center","Sportsman","Heritage 241 Center Console",2019,"new",24,9,NA,"fiberglass","other",1,0,NA,NA,"",79900,45873,"Vero Beach","FL",NA,"2018-08-18",8,2018
6889169,"power","power-pontoon","Manitou","Legacy LT 25 Dual engine",2019,"new",26,NA,NA,"aluminum","other",1,0,NA,NA,"",149000,140799,"Seattle","WA",NA,"2018-10-25",10,2018
6996274,"power","power-runabout","Larson","210 O/B",2003,"used",20.5,8.25,1800,"fiberglass","other",1,0,NA,NA,"",7500,12689,"Mineral","VA",NA,"2019-02-22",2,2019
6823698,"power","power-center","Mako","334 CC Sportfish Edition",2019,"new",33.33,9.83,10905,"fiberglass","gasoline",2,0,2019,2019,"outboard",299900,1041,"Denham Springs","LA","70726","2018-08-28",8,2018
7015927,"power","power-bass","Tracker","Pro Team 175 TF",2019,"new",17.58,7.42,970,"aluminum","gasoline",1,60,NA,NA,"outboard",19715,144237,"Moncks Corner","SC","29461","2019-03-13",3,2019
7131150,"power","power-pontoon","Sun Tracker","SportFish 22 DLX",2019,"new",24.17,8.5,2159,"aluminum","",1,115,NA,NA,"outboard",32605,155589,"Hammond","IN","46324","2019-06-28",6,2019
6583407,"power","power-expresscruiser","Sea Ray","350 Sundancer Coupe",2017,"used",35,11.33,18792,"fiberglass","gasoline",2,0,2017,NA,"",359900,34134,"Knoxville","TN","37922","2018-01-15",1,2018
6870037,"power","power-pwc","Kawasaki","Sx-r",2017,"used",9,3,NA,"fiberglass","gasoline",0,NA,NA,NA,"",7499.99,35202,"Hampton Bays","NY","11946","2018-10-09",10,2018
7012670,"power","power-pontoon","Bennington","20 S Fishing Value",2019,"new",20,NA,NA,"other","other",1,0,NA,NA,"",12999,34482,"Mecosta","MI",NA,"2019-03-10",3,2019
7067562,"power","power-pontoon","Bennington","22SSBXP",2019,"used",24,102,NA,"other","other",1,0,NA,NA,NA,42342,10610,"Rochester","MN",NA,"2019-04-30",4,2019
6845506,"power","power-deck","Hurricane","SUNDECK SD 187 OB",2019,"new",19,9,NA,"fiberglass","other",1,0,NA,NA,"",33900,162703,"Islamorada","FL",NA,"2018-09-16",9,2018
7053757,"power","power-cuddy","Crownline","210 CCR",1994,"used",21,NA,NA,"fiberglass","other",1,0,NA,NA,"",9500,5781,"Sturgeon Bay","WI","54235-0708","2019-04-17",4,2019
7070329,"power","power-expresscruiser","Sea Ray","260 Sundancer",2010,"used",27,8.5,NA,"fiberglass","other",1,0,NA,NA,"",68999,5267,"Oshkosh","WI","54904","2019-05-02",5,2019
7171050,"power","power-pontoon","Bennington","23SSRFBXP",2020,"new",25,102,NA,"other","other",1,0,NA,NA,"",80743,46516,"Wayzata","MN",NA,"2019-08-05",8,2019
6893615,"power","power-cruiser","Carver","Voyager",1980,"used",28,11,NA,"fiberglass","gasoline",2,260,NA,NA,"inboard",12999,34567,"Everett","WA","98201","2018-10-29",10,2018
7226111,"power","power-deck","Hurricane","SS 185 OB",2020,"new",19,8,NA,"fiberglass","other",1,0,NA,NA,"",30900,5092,"West Palm Beach","FL",NA,"2019-09-21",9,2019
6814952,"power","power-fresh","Tracker","Panfish 16",2019,"new",16.17,5.83,766,"aluminum","gasoline",1,40,NA,NA,"outboard",15585,155642,"Bristol","VA","24202","2018-08-20",8,2018
7121434,"power","power-bass","Tracker","Pro Team 175 TXW",2019,"new",17.58,7.42,1050,"aluminum","",1,75,NA,NA,"outboard-4s",21765,62407,"Guntersville","AL","35976","2019-06-20",6,2019
7166422,"power","power-cruiser","Crownline","266",1999,"used",27,NA,NA,"other","other",1,0,NA,NA,"",22999,10610,"Rochester","MN",NA,"2019-07-31",7,2019
6891202,"power","power-center","Boston Whaler","17 Outrage II",1989,"used",17,8,2050,"fiberglass","gasoline",1,0,NA,NA,"outboard-2s",12900,50917,"Belmar","NJ","07719","2018-10-26",10,2018
4705303,"power","power-jon","Xpress Boats","Jon Boat",2016,"new",20,8,NA,"aluminum","",0,NA,NA,NA,"",1590,12680,"Stapleton","AL","36578","2014-05-07",5,2014
7164956,"power","power-fresh","Caravelle boat group","2300 WA",2015,"used",27,NA,NA,"other","other",1,0,NA,NA,"",49990,164670,"Ridgeland","SC",NA,"2019-07-30",7,2019
7082587,"power","power-motor","Sea Ray","390 Motor Yacht",2003,"used",39,NA,NA,"fiberglass","other",2,0,NA,NA,"",159995,5268,"Pewaukee","WI","53072","2019-05-14",5,2019
7094203,"power","power-jon","Tracker","Grizzly 1648 Jon",2019,"new",16.08,6,587,"aluminum","",1,0,NA,NA,"outboard",4030,155481,"Gainesville","VA","20155","2019-05-25",5,2019
7218208,"power","power-other","Bertram","25 Moppie",1963,"used",25,NA,NA,"other","other",1,0,NA,NA,"",26900,34622,"St Marks","FL",NA,"2019-09-13",9,2019
7139957,"power","power-deck","Hurricane","SunDeck SD 2690 OB",2019,"new",26,9,NA,"fiberglass","other",1,0,NA,NA,"",89999,52761,"Miami","FL",NA,"2019-07-06",7,2019
7215125,"power","power-skiwake","Mastercraft","X45",2008,"used",25,NA,NA,"other","other",1,0,NA,NA,NA,54900,29402,"Kimberling City","MO",NA,"2019-09-11",9,2019
7133331,"power","power-pontoon","Sun Tracker","Party Barge 18 DLX",2019,"new",20,8.17,1495,"aluminum","",1,40,NA,NA,"outboard",25640,52540,"Anchorage","AK","99508","2019-07-01",7,2019
7110546,"power","power-bass","Phoenix","21PHX",2018,"used",21,0.08,NA,"fiberglass","gasoline",1,250,2018,2018,"outboard",62900,155448,"Kansas City","KS","66111","2019-06-12",6,2019
7163114,"power","power-bass","Skeeter","190 Sl",2007,"used",19,NA,NA,"fiberglass","other",1,0,NA,NA,"",19995,34959,"Marrero","LA","70072","2019-07-29",7,2019
7170612,"power","power-pontoon","Bennington","25SSRCFBXP",2019,"new",27,102,NA,"other","other",1,0,NA,NA,NA,59999,27369,"Red Wing","MN",NA,"2019-08-05",8,2019
6775113,"power","power-pwc","Sea-Doo","Spark 2up ROTAX® 900 ACE™",2015,"used",11,4,NA,"fiberglass","gasoline",1,90,NA,NA,"",4000,39704,"Webster","MA","01570","2018-07-13",7,2018
7166513,"power","power-cruiser","Mariah","JUBILEE",2000,"used",21,NA,NA,"other","other",1,0,NA,NA,"",11999,10610,"Rochester","MN",NA,"2019-07-31",7,2019
7183109,"power","power-pontoon","Bennington","20SLV",2020,"new",1,102,NA,"other","other",1,0,NA,NA,"",20835,27369,"Red Wing","MN",NA,"2019-08-14",8,2019
7259471,"power","power-cruiser","Yamaha Boats","242SE",2020,"new",24,102,NA,"other","other",1,0,NA,NA,"",72999,46516,"Wayzata","MN",NA,"2019-10-22",10,2019
7203405,"power","power-pontoon","San Pan","2500WB3",2014,"new",20,NA,NA,"other","other",1,0,NA,NA,"",27995,260113,"Waterville","ME",NA,"2019-09-03",9,2019
6881846,"power","power-jon","Tracker","Grizzly 1448 Jon",2019,"new",14,6,562,"aluminum","",1,0,NA,NA,"outboard",4834,60577,"San Jose","CA","95118","2018-10-19",10,2018
7269254,"power","power-aluminum","SeaArk","2072 Fish Extreme Tunnel Deluxe CC",2020,"new",20,NA,NA,"aluminum","other",1,0,NA,NA,"",33995,37214,"Lake City","FL","32055","2019-10-31",10,2019
7122414,"power","power-skiwake","Supra","22v",2008,"used",22,NA,NA,"fiberglass","other",1,0,NA,NA,"",37999,53226,"Prairie Grove","IL",NA,"2019-06-20",6,2019
7170931,"power","power-pontoon","Bennington","23SPDXP",2020,"new",1,NA,NA,"other","other",1,0,NA,NA,NA,60509,46516,"Wayzata","MN",NA,"2019-08-05",8,2019
7128772,"power","power-jon","Tracker","Grizzly 1648 SC",2019,"new",16.08,6,715,"aluminum","",1,25,NA,NA,"outboard",12104,222258,"Raymond","ME","04071","2019-06-26",6,2019
7239716,"power","power-pontoon","Bennington","20SFV",2020,"new",21,NA,NA,"other","other",1,0,NA,NA,NA,20835,27369,"Red Wing","MN",NA,"2019-10-03",10,2019
7019139,"power","power-center","Parker","2100 SE",2019,"new",21,8.5,NA,"fiberglass","gasoline",1,150,NA,NA,"outboard",53486,58888,"Stuart","FL","34994","2019-03-15",3,2019
7123376,"power","power-pontoon","Bennington","S 22SSR",2019,"new",21.04,8.06,NA,"aluminum","gasoline",1,0,NA,NA,"outboard",48783,52808,"Lewisville","TX",NA,"2019-06-21",6,2019
7033541,"power","power-aluminum","Tracker","Targa V-19 Combo",2019,"new",19,8.5,2001,"aluminum","",1,200,NA,NA,"outboard",44330,155599,"Owatonna","MN","55060","2019-03-29",3,2019
6848848,"power","power-fresh","Tracker","Panfish 16",2019,"new",16.17,5.83,766,"aluminum","gasoline",1,40,NA,NA,"outboard",15785,50035,"Palm Bay","FL","32905","2018-09-19",9,2018
6222534,"power","power-motor","Hatteras","72 Motor Yacht",1985,"used",72,18.58,126000,"fiberglass","diesel",2,1680,1985,1985,"inboard",349000,31335,"Seabrook","TX","77586","2017-05-02",5,2017
6969158,"power","power-aluminum","Excel","1854 SWVF4 PRO",2018,"new",18,1,NA,"aluminum","gasoline",1,0,2018,2018,"outboard",20500,34692,"Goldsboro","NC","27534","2019-01-25",1,2019
7120179,"power","power-pontoon","Sun Tracker","SportFish 22 DLX",2019,"new",24.17,8.5,2159,"aluminum","",1,150,NA,NA,"outboard",35715,54055,"Tacoma","WA","98408","2019-06-19",6,2019
6652699,"power","power-center","Mako","261 Center Console",1989,"used",26,NA,NA,"fiberglass","gasoline",1,300,2016,2016,"outboard-4s",37500,43645,"Oriental","NC",NA,"2018-03-20",3,2018
7231819,"power","power-center","Robalo","R222",2020,"new",21,NA,NA,"fiberglass","other",1,0,NA,NA,"",60470,6561,"Chesapeake","VA",NA,"2019-09-26",9,2019
7017081,"power","power-pontoon","Tahoe","LTZ Cruise Rear Bench",2019,"new",24,8.5,NA,"aluminum","gasoline",0,NA,NA,NA,"",48990,34584,"Mooresville","NC","28117","2019-03-14",3,2019
7063496,"power","power-bass","Nitro","Z18",2019,"new",18.67,7.83,1700,"fiberglass","gasoline",1,150,NA,NA,"outboard",34155,232994,"Brunswick","GA","31520","2019-04-26",4,2019
6815988,"power","power-expresscruiser","Beneteau","49 GT",2015,"used",49,14.33,33038,"fiberglass","diesel",2,870,NA,NA,"inboard",619900,29456,"North Miami Beach","FL","33160","2018-08-21",8,2018
7162154,"power","power-deck","Hurricane","FunDeck FD 226 OB",2019,"new",22,8,NA,"fiberglass","other",1,0,NA,NA,"",46900,5092,"West Palm Beach","FL",NA,"2019-07-28",7,2019
7220643,"power","power-jet","Yamaha Boats","SX240",2017,"used",24,8.5,3605,"fiberglass","other",1,0,NA,NA,"",44999,5125,"Bridgeport","NY",NA,"2019-09-17",9,2019
7106931,"power","power-other","SeaArk","1660 MVT",2019,"new",16,NA,NA,"aluminum","other",1,0,NA,NA,"",18490,12760,"Ocala","FL",NA,"2019-06-07",6,2019
7247383,"power","power-pwc","Sea-Doo","GTI SE",2007,"used",11,NA,NA,"other","other",1,0,NA,NA,NA,4395,5080,"Laconia","NH",NA,"2019-10-10",10,2019
6419890,"power","power-skiwake","Yamaha Boats","242X E-Series",2018,"new",24,8.5,4032,"fiberglass","gasoline",1,0,NA,NA,"inboard",70999,27369,"Red Wing","MN","55066","2017-10-13",10,2017
7052364,"power","power-pontoon","Regency","230 DL3",2019,"new",25.33,8.5,3235,"aluminum","",1,200,NA,NA,"outboard",51185,62469,"Gaylord","MI","49735","2019-04-17",4,2019
7224178,"power","power-center","Carolina Skiff","238 DLV",2019,"new",23,NA,NA,"other","other",1,0,NA,NA,"",37930,55887,"Foley","AL",NA,"2019-09-19",9,2019
6195401,"power","power-convertible","Trojan","10.8 Meter Sedan (SRG)",1989,"used",35,13,15000,"fiberglass","gasoline",2,700,NA,NA,"inboard",29500,40167,"Kent","NY","14477","2017-04-05",4,2017
7211369,"power","power-pontoon","Tahoe","Cascade Quad Lounger 23",2019,"used",23,NA,NA,"other","other",1,0,NA,NA,"",39990,53621,"Walloon Lake","MI",NA,"2019-09-09",9,2019
7256523,"power","power-skiwake","Supra","SE450",2015,"used",24,NA,NA,"other","other",1,0,NA,NA,"",89999,34467,"Naples","ME",NA,"2019-10-19",10,2019
7170773,"power","power-cruiser","Monterey","258SS BOWRIDER",2019,"new",25,NA,NA,"other","other",1,0,NA,NA,"",100999,46516,"Wayzata","MN",NA,"2019-08-05",8,2019
7157889,"power","power-deck","Glastron","DX215",2003,"used",21,NA,NA,"fiberglass","other",1,0,NA,NA,"",19995,5267,"Oshkosh","WI","54904","2019-07-25",7,2019
7028247,"power","power-pontoon","Sun Tracker","Party Barge 22 RF XP3",2019,"new",24.17,8.5,2899,"aluminum","",1,150,NA,NA,"outboard",36120,52590,"New Haven","IN","46774","2019-03-25",3,2019
6967969,"power","power-pontoon","Sun Tracker","SportFish 22 DLX",2019,"new",24.17,8.5,2159,"aluminum","gasoline",1,60,2019,2019,"outboard",29145,56482,"New Bern","NC","28560","2019-01-24",1,2019
7260623,"power","power-pontoon","Ranger","223C",2020,"new",22,NA,NA,"other","other",1,0,NA,NA,"",50060,12868,"Warsaw","MO",NA,"2019-10-23",10,2019
7132127,"power","power-center","Sportsman","Open 312 Center Console",2019,"new",31,10,NA,"fiberglass","other",1,0,NA,NA,"",228850,45873,"Vero Beach","FL",NA,"2019-06-28",6,2019
7135726,"power","power-bowrider","Chaparral","216 SSi",2013,"used",18,8.06,NA,"fiberglass","gasoline",1,0,NA,NA,"",41380,47688,"Buford","GA",NA,"2019-07-02",7,2019
7239694,"power","power-pwc","Yamaha Boats","EX Deluxe",2020,"new",10,NA,NA,"other","other",1,0,NA,NA,"",8899,46516,"Wayzata","MN",NA,"2019-10-03",10,2019
7052740,"power","power-motor","Cruisers Yachts","CANTIUS 60 CANTIUS",2018,"new",60,16.4,52999.17,"fiberglass","other",2,0,NA,NA,"",1799900,5211,"Winthrop Harbor","IL","60096","2019-04-17",4,2019
7106910,"power","power-other","SunChaser","Oasis 816 Cruise",2019,"new",16,NA,NA,"aluminum","other",1,0,NA,NA,"",17995,12760,"Ocala","FL",NA,"2019-06-07",6,2019
7271293,"power","power-saltfish","World Cat","250 DC",2004,"used",24.5,8.5,3900,"fiberglass","gasoline",2,300,2004,2004,"outboard-4s",39000,5785,"Bridgeport","CT","06605","2019-11-02",11,2019
7096774,"power","power-bowrider","Chaparral","230 Suncoast",2019,"used",23,8,NA,"fiberglass","gasoline",1,0,2019,2019,"outboard-4s",57000,235704,"Fort Pierce","FL","34946","2019-05-29",5,2019
6823517,"power","power-center","Mako","414 CC Family Edition",2019,"new",41,11.92,17540,"fiberglass","gasoline",4,1400,2019,2019,"outboard",568245,1110,"Katy","TX","77494","2018-08-28",8,2018
7164893,"power","power-other","Caravelle boat group","19EBO",2019,"new",18,NA,NA,"other","other",1,0,NA,NA,"",29720,164697,"Rockwood","TN",NA,"2019-07-30",7,2019
7243489,"power","power-pwc","Sea-Doo","Spark",2014,"used",120,NA,NA,"other","other",1,0,NA,NA,"",4999,46516,"Wayzata","MN",NA,"2019-10-08",10,2019
7121169,"power","power-skiwake","Yamaha Boats","242 Limited S",2012,"used",23,NA,NA,"other","other",1,0,NA,NA,"",36500,35260,"New York","NY",NA,"2019-06-19",6,2019
7107493,"power","power-expresscruiser","Bayliner","2655 Bayliner Ciera Sunbridge",1990,"used",26,9.5,5100,"fiberglass","gasoline",1,300,2001,2001,"inboard-outboard",15900,59400,"Olympia","WA","98501","2019-06-08",6,2019
7134678,"power","power-center","Lund Boats","SSV 18",2017,"used",18,6.04,NA,"fiberglass","gasoline",1,0,NA,NA,"outboard",11995,3112,"Buford","GA",NA,"2019-07-02",7,2019
6685114,"sail","sail-centercockpit","Island Packet","485",2005,"used",48,15.42,NA,"fiberglass","diesel",1,100,NA,NA,"inboard",495000,54829,"Vero Beach","FL",NA,"2018-04-18",4,2018
7180538,"power","power-fresh","Ranger","198 VX",2008,"used",19,NA,NA,"fiberglass","other",1,0,NA,NA,"",19995,34404,"Lyme","CT",NA,"2019-08-12",8,2019
4953557,"power","power-expresscruiser","Larson","Cabrio 290 Mid Cabin",2000,"used",29,10,7550,"fiberglass","gasoline",2,0,2000,2000,"inboard-outboard",34999,32168,"Haverstraw","NY",NA,"2015-02-25",2,2015
6949685,"power","power-motor","Kong & Halvorsen","70 Cockpit Motoryacht",1988,"used",70,19,NA,"fiberglass","diesel",2,1850,NA,NA,"inboard",785000,61423,"Wickford","RI",NA,"2019-01-07",1,2019
7256495,"power","power-cruiser","Tiara","Sovran LE",2009,"used",35,13,NA,"fiberglass","diesel",1,600,NA,NA,"inboard",205000,202104,"Jupiter","FL","33477","2019-10-19",10,2019
7205334,"power","power-center","SeaArk","FXT 2472 CC Elite ( Tunnel)",2020,"new",24,NA,NA,"aluminum","other",1,0,NA,NA,"",38595,12760,"Ocala","FL",NA,"2019-09-04",9,2019
7032307,"power","power-pontoon","Sun Tracker","Party Barge 24 DLX",2019,"new",26.17,8.5,2200,"aluminum","",1,115,NA,NA,"outboard",35340,49465,"Utica","NY","13502","2019-03-28",3,2019
7057322,"power","power-cruiser","Sea Ray","260 Sundancer",1999,"used",26,8.5,6200,"fiberglass","gasoline",1,260,1999,1999,"inboard-outboard",24900,34409,"Toms River","NJ","08753","2019-04-20",4,2019
7108018,"power","power-skiwake","Chaparral","246 Surf SSi",2019,"new",24,NA,NA,"other","other",1,0,NA,NA,"",90970,34588,"Johnson City","TN",NA,"2019-06-09",6,2019
7087142,"power","power-fresh","Tracker","Pro Guide V-16 SC",2019,"new",16.5,7.33,1169,"aluminum","",1,60,NA,NA,"outboard",19365,155599,"Owatonna","MN","55060","2019-05-18",5,2019
7241191,"power","power-fresh","Alumacraft","Prowler",2020,"new",17,NA,NA,"other","other",1,0,NA,NA,NA,18500,259035,"Durant","OK",NA,"2019-10-04",10,2019
7092520,"power","power-center","Stingray","236CC",2019,"new",23,8.5,3648,"fiberglass","gasoline",0,NA,NA,NA,"",68428,34534,"Palm Harbor","FL",NA,"2019-05-23",5,2019
6861397,"power","power-pontoon","Sylvan","Mirage 8520 CNF",2019,"new",20,8.42,NA,"aluminum","gasoline",1,115,NA,NA,"outboard",31995,34900,"Southaven","MS","38671","2018-10-01",10,2018
6878225,"power","power-aluminum","Hewescraft","21 Sea Runner HT",2019,"new",21,96,NA,"aluminum","other",1,0,NA,NA,"",65995,34704,"Troutdale","OR",NA,"2018-10-17",10,2018
7025222,"power","power-pontoon","Bennington","22SSRX",2019,"new",23,86,NA,"aluminum","other",1,0,NA,NA,"",47998,34996,"Buford","GA",NA,"2019-03-21",3,2019
6838427,"power","power-fresh","Smoker Craft","ANGLERPATRIOT 16 SC",2018,"new",16,NA,NA,"other","other",1,0,NA,NA,"",5199,34482,"Mecosta","MI",NA,"2018-09-10",9,2018
6886795,"power","power-skiwake","Mastercraft","ProStar",2019,"used",20,8,3300,"fiberglass","gasoline",1,350,2019,2019,"inboard",72900,34745,"Osage Beach","MO","65065","2018-10-24",10,2018
7164787,"power","power-deck","Caravelle boat group","219UULTD",2018,"new",21,NA,NA,"other","other",1,0,NA,NA,"",44990,215788,"Palm Harbor","FL",NA,"2019-07-30",7,2019
6587836,"power","power-highperf","Magnum","Maltese",1975,"used",28,NA,NA,"fiberglass","gasoline",2,640,NA,NA,"inboard-outboard",29900,21445,"","FL","","2018-01-19",1,2018
7081537,"power","power-skiwake","Heyday","MERCURY (6.2L 370HP V-DRIVE)",2019,"new",25,NA,NA,"other","other",1,0,NA,NA,NA,54216,100688,"Oklahoma City","OK",NA,"2019-05-14",5,2019
6953239,"power","power-cruiser","Sea Ray","Sundancer",2002,"used",34,12,15500,"fiberglass","gasoline",2,700,2002,2002,"inboard",69800,67460,"Miami","FL",NA,"2019-01-10",1,2019
6979366,"power","power-pontoon","G3","SunCatcher V322 Fish",2019,"new",22.5,8.42,2400,"aluminum","gasoline",1,150,2018,2018,"outboard",38145,52603,"Davis","OK","73030","2019-02-06",2,2019
5887374,"power","power-center","Dusky","23 center console",1977,"used",23,8,NA,"fiberglass","gasoline",1,240,1977,1977,"inboard",19900,40167,"Amherst ","OH","","2016-07-27",7,2016
6579959,"power","power-other","Mercury","250 Hp Optimax Pro Xs",2009,"used",5,NA,NA,"other","gasoline",0,NA,NA,NA,"",9500,164438,"Tulsa","OK","74129","2018-01-11",1,2018
7175949,"power","power-deck","Bayliner","DX2000",2019,"new",19,NA,NA,"other","other",1,0,NA,NA,"",34995,237744,"Howell","MI",NA,"2019-08-07",8,2019
6822374,"power","power-aluminum","Crestliner","1650 Discovery Tiller",2019,"new",16.6,8,NA,"aluminum","gasoline",1,30,NA,NA,"outboard-4s",15990,5038,"Silver Springs","NY","14550","2018-08-27",8,2018
7089024,"power","power-pontoon","SunChaser","824 Fish and Cruise",2007,"used",24,8,NA,"aluminum","other",1,60,NA,NA,"outboard-4s",14995,35109,"Three Lakes","WI","54562","2019-05-20",5,2019
6984021,"power","power-saltfish","Sea Hunt","Triton 202",2003,"used",19.58,8.08,1900,"fiberglass","gasoline",1,150,2003,2003,"outboard-2s",17900,65591,"Kemah","TX","77565","2019-02-09",2,2019
6699363,"power","power-bowrider","Tahoe","700",2018,"new",21,8.33,3488,"fiberglass","gasoline",1,250,NA,NA,"inboard-outboard",40130,1399,"Spanish Fort","AL","36527","2018-05-02",5,2018
6772815,"power","power-center","Century","18 cc",1994,"used",18.5,7.17,NA,"fiberglass","gasoline",0,NA,NA,NA,"",13995,38693,"Cape Coral","FL","33991","2018-07-12",7,2018
7044191,"power","power-motor","Wider","32",2016,"used",32,9.83,24301.56,"fiberglass","diesel",2,520,NA,NA,"inboard",278000,63935,"Miami Beach","FL","33139","2019-04-09",4,2019
7257819,"power","power-center","NauticStar","20 XS",2018,"new",20,102,NA,"fiberglass","other",1,0,NA,NA,"",44995,163184,"Huntington Beach","CA",NA,"2019-10-21",10,2019
7203394,"power","power-pontoon","Mastercraft","X23",2016,"new",1,NA,NA,"other","other",1,0,NA,NA,"",88995,260113,"Waterville","ME",NA,"2019-09-03",9,2019
6921978,"power","power-pwc","Yamaha WaveRunner","FX SVHO",2019,"new",11.75,4.17,818,"other","gasoline",1,0,NA,NA,"other",15499,31905,"Danville","VA","24540","2018-11-28",11,2018
6955241,"power","power-dualconsole","Robalo","R227 Dual Console",2019,"new",21.5,8.5,3750,"fiberglass","gasoline",1,200,2019,2019,"outboard",61160,5157,"Islip Terrace","NY","11752","2019-01-12",1,2019
6791344,"power","power-pontoon","Crest","Crest II 240 SLC",2019,"new",24,NA,NA,"other","other",1,0,NA,NA,"",39995,5049,"Fox Lake","IL",NA,"2018-07-31",7,2018
6961691,"power","power-sportfish","Rampage","38 Express",2005,"used",38,13.75,NA,"fiberglass","diesel",2,1080,2005,2005,"inboard",179000,31335,"Galveston","TX","77554","2019-01-18",1,2019
6845985,"power","power-expresscruiser","Sea Ray","290 Sundancer",1995,"used",29,10.17,10500,"fiberglass","gasoline",1,220,1995,1995,"inboard-outboard",34999,64648,"Seminole","FL","33772","2018-09-17",9,2018
7112388,"sail","sail-racer","Flying Scot","19",1973,"used",19,6.58,676,"fiberglass","gasoline",0,NA,NA,NA,"",7900,14357,"Holland","MI","49423","2019-06-13",6,2019
6851635,"power","power-aluminum","Tracker","Targa V-18 WT",2019,"new",18.17,8.5,2060,"aluminum","",1,150,NA,NA,"outboard",32695,1250,"Olathe","KS","66061","2018-09-21",9,2018
7164901,"power","power-other","Caravelle boat group","17EBO",2019,"used",17,NA,NA,"other","other",1,0,NA,NA,"",25990,164697,"Rockwood","TN",NA,"2019-07-30",7,2019
7047167,"power","power-pontoon","Regency","210 DL3",2019,"new",23.33,8.5,3148,"aluminum","",1,150,NA,NA,"outboard",49460,5204,"Arnold's Park","IA","51331","2019-04-12",4,2019
7106576,"power","power-pontoon","Crest","III 220 SLC",2019,"new",24,86,NA,"aluminum","other",1,0,NA,NA,"",42238,34560,"Fenton","MI","48430","2019-06-07",6,2019
6774539,"power","power-bass","Triton","17 C TX",2019,"new",17.67,7.67,1080,"aluminum","gasoline",1,75,2018,2018,"outboard-4s",23941,102570,"Brandon","MS","39047","2018-07-13",7,2018
7033219,"power","power-center","Mako","191 Center Console",1991,"used",19,8,NA,"fiberglass","gasoline",0,NA,NA,NA,"",12000,35322,"Clarksville","DE","19970","2019-03-29",3,2019
7172254,"power","power-bass","Nitro","Z18",2019,"new",18,NA,NA,"fiberglass","other",1,0,NA,NA,"",34155,232994,"Brunswick","GA",NA,"2019-08-05",8,2019
7002541,"power","power-cruiser","Fountain","38 Express Cruiser",2006,"used",37.92,10.5,13500,"fiberglass","gasoline",2,850,NA,NA,"inboard-outboard",148000,29999,"Alexandria Bay","NY","13607","2019-02-28",2,2019
7136584,"power","power-highperf","Hallett","270 Closed Bow",1995,"used",27,8.5,NA,"fiberglass","gasoline",1,0,NA,NA,"inboard-outboard",57000,39962,"Lake Havasu City","AZ","86403","2019-07-02",7,2019
7193594,"power","power-fresh","G3","Sportsman",2018,"new",19,NA,NA,"other","other",1,0,NA,NA,"",31000,32348,"Kingston","OK",NA,"2019-08-23",8,2019
7193659,"power","power-pontoon","SunCatcher","V Series",2019,"new",22,NA,NA,"other","other",1,0,NA,NA,"",45500,32348,"Kingston","OK",NA,"2019-08-23",8,2019
7219001,"power","power-pontoon","Premier","SunSation-RF 250",2017,"used",25,NA,NA,"aluminum","other",1,0,NA,NA,"",59900,27677,"Osage Beach","MO","65065","2019-09-14",9,2019
7268397,"power","power-pwc","Yamaha Boats","VX Limited",2020,"new",10,NA,NA,"other","other",1,0,NA,NA,"",11399,27369,"Red Wing","MN",NA,"2019-10-30",10,2019
6763248,"power","power-center","Carolina Skiff","238 DLV",2018,"new",22.83,8,1916,"fiberglass","gasoline",1,0,2018,2018,"outboard",32900,34545,"Penhook","VA","24137","2018-07-02",7,2018
7099799,"power","power-pontoon","Sun Tracker","Party Barge 18 DLX",2019,"new",20,8.17,1495,"aluminum","",1,60,NA,NA,"outboard",22690,1213,"Clarksville","IN","47129","2019-06-01",6,2019
5624318,"power","power-util","Tracker","Topper 1036 Riveted Jon",2016,"new",9.83,4.33,112,"aluminum","",1,0,NA,NA,"outboard",599,1129,"Arma","KS","66712","2016-02-01",2,2016
7014555,"power","power-other","Cape Horn","21",1994,"used",21,NA,NA,"other","other",1,0,NA,NA,"",10500,34959,"Marrero","LA","70072","2019-03-11",3,2019
7170445,"power","power-cruiser","Monterey","224FS",2020,"new",23,NA,NA,"other","other",1,0,NA,NA,NA,39999,27369,"Red Wing","MN",NA,"2019-08-05",8,2019
6504838,"power","power-flybridge","Custom","62 Breen Custom Aluminum",1999,"used",62,NA,NA,"aluminum","diesel",2,1400,2013,2013,"inboard",250000,28311,"Plymouth","MA","02360","2017-10-22",10,2017
7108216,"power","power-fresh","Tracker","Panfish 16",2019,"new",16.17,5.83,766,"aluminum","gasoline",1,40,NA,NA,"outboard",15585,1253,"Prattville","AL","36066","2019-06-10",6,2019
7074303,"power","power-bass","Ranger","Z521C",2014,"used",21,NA,NA,"other","other",1,0,NA,NA,"",49995,27366,"Fairfield","OH",NA,"2019-05-06",5,2019
7203287,"power","power-cuddy","Chris-Craft","Launch 28 GT",2019,"new",28,NA,NA,"other","other",1,0,NA,NA,"",239351,260113,"Waterville","ME",NA,"2019-09-03",9,2019
6865030,"power","power-skiwake","Sanger","237 XTX",2018,"used",23,8.5,NA,"fiberglass","gasoline",1,400,NA,NA,"inboard",74995,10277,"Coeur d'Alene","ID","83814","2018-10-04",10,2018
7022361,"power","power-bass","Ranger","155A",1976,"used",15,NA,NA,"other","other",1,0,NA,NA,"",7995,27366,"Fairfield","OH",NA,"2019-03-19",3,2019
7104496,"power","power-pontoon","Sun Tracker","SportFish 22 DLX",2019,"new",24.17,8.5,2159,"aluminum","",1,90,NA,NA,"outboard",32315,1153,"Appleton","WI","54913","2019-06-06",6,2019
7250656,"power","power-pontoon","South Bay","200 Series 222RS 2.0",2019,"used",22,NA,NA,"aluminum","other",1,0,NA,NA,"",32999,34414,"Lake Ariel","PA",NA,"2019-10-15",10,2019
6607185,"power","power-bowrider","Cobalt","242 Bowrider",2008,"used",23,NA,NA,"fiberglass","other",1,0,NA,NA,"",39995,38161,"Austin","TX",NA,"2018-02-07",2,2018
6209062,"power","power-jon","Tracker","Topper 1032 Riveted Jon",2017,"new",10,3.83,87,"aluminum","",1,0,NA,NA,"outboard",519,56482,"New Bern","NC","28560","2017-04-19",4,2017
6974492,"power","power-jon","Tracker","Topper 1236 Riveted Jon",2019,"new",11.92,4.33,126,"aluminum","other",1,0,NA,NA,"outboard",849,56482,"New Bern","NC","28560","2019-01-31",1,2019
7068191,"power","power-sportfish","Ranger","190 Reata",2019,"new",18.1,8.25,NA,"fiberglass","gasoline",1,150,NA,NA,"",46712,155353,"Fort Worth","TX","76177","2019-04-30",4,2019
7112797,"power","power-aluminum","Crestliner","1650 FISH HAWK SE SC",2019,"new",16.75,7.25,1050,"aluminum","other",1,0,NA,NA,"",22523,12667,"Kaukauna","WI",NA,"2019-06-13",6,2019
7164670,"power","power-pontoon","Avalon","Catalina Platinum 2785 EWS",2019,"new",27,NA,NA,"aluminum","other",1,0,NA,NA,"",98000,12360,"Burlington","IA",NA,"2019-07-30",7,2019
6300678,"power","power-bass","Champion Boats","Super Champ",1984,"used",17,NA,NA,"fiberglass","gasoline",1,0,NA,NA,"outboard",4995,3499,"Indianapolis","IN","46219","2017-07-14",7,2017
7224330,"power","power-cruiser","Rinker","250 Fiesta Vee",2004,"used",25,86,NA,"other","other",1,0,NA,NA,"",25900,46516,"Wayzata","MN",NA,"2019-09-19",9,2019
7225571,"power","power-cruiser","Yamaha Boats","SX210",2020,"new",21,102,NA,"other","other",1,0,NA,NA,NA,43199,27369,"Red Wing","MN",NA,"2019-09-20",9,2019
7085268,"power","power-jon","Alumacraft","1436 Jon Sierra LT",2019,"new",14,4.58,135,"aluminum","other",1,0,NA,NA,"",939,34610,"Memphis","TN",NA,"2019-05-16",5,2019
6736786,"power","power-other","Harbor Guard","Firehawk 24",2009,"used",24,8,NA,"fiberglass","gasoline",0,NA,NA,NA,"",49995,49376,"Chapin","SC","29036","2018-06-06",6,2018
6327980,"power","power-unspec","Mercury","300 XLFM Pro Max",1999,"used",25,NA,NA,"aluminum","",0,NA,NA,NA,"",4995,34959,"Marrero","LA","70072","2017-08-09",8,2017
6956290,"power","power-center","Robalo","R222 Center Console",2019,"new",21,8.5,3700,"fiberglass","gasoline",1,200,NA,NA,"outboard",63002,29428,"Palm Beach","FL","33403","2019-01-14",1,2019
7224179,"power","power-center","Carolina Skiff","20 JVX CC",2019,"new",20,NA,NA,"other","other",1,0,NA,NA,"",22890,55887,"Foley","AL",NA,"2019-09-19",9,2019
6647227,"power","power-fresh","Alumacraft","Classic 165 CS",2016,"used",16.4,6.67,778,"aluminum","gasoline",1,50,NA,NA,"outboard",17900,42618,"Saratoga Springs","NY","12866","2018-03-14",3,2018
6989539,"power","power-jet","Yamaha Boats","275E",2019,"new",27,NA,NA,"fiberglass","other",1,0,NA,NA,"",99999,39195,"Clearwater","FL",NA,"2019-02-15",2,2019
6377605,"power","power-motor","Carver","3697 Mariner",1984,"used",35.58,NA,NA,"fiberglass","gasoline",1,350,NA,NA,"",39995,5235,"Lake Ozark","MO","65026","2017-09-22",9,2017
7265729,"power","power-center","Cobia","220CC",2017,"used",21,NA,NA,"fiberglass","other",1,0,NA,NA,"",32900,45579,"Miami","FL",NA,"2019-10-28",10,2019
7177272,"power","power-deck","Bayliner","210 Deck Boat",2018,"new",20,NA,NA,"other","other",1,0,NA,NA,"",38495,237750,"Commerce Township","MI",NA,"2019-08-08",8,2019
6847007,"power","power-expresscruiser","Sea Ray","310 Express Cruiser",1981,"used",31,11.92,NA,"fiberglass","gasoline",2,680,1981,1981,"multiple",12000,5252,"Huron","OH","44839","2018-09-18",9,2018
6944980,"power","power-jet","Scarab","255 Open G",2019,"new",25,8.33,3800,"fiberglass","gasoline",2,300,NA,NA,"inboard",57327,34581,"Miami","FL","33170","2018-12-27",12,2018
7170912,"power","power-pontoon","Bennington","23SSBXP",2020,"new",25,102,NA,"other","other",1,0,NA,NA,"",76788,46516,"Wayzata","MN",NA,"2019-08-05",8,2019
5823854,"power","power-center","Rybo Runner","30 Center Console",2018,"used",30,NA,NA,"fiberglass","gasoline",2,500,2018,2018,"outboard-4s",149999,28311,"Marion","MA","02738","2016-05-31",5,2016
7235399,"power","power-cruiser","Chaparral","270 Signature",2018,"used",27,NA,NA,"other","other",1,0,NA,NA,"",94997,257210,"Virginia Beach","VA",NA,"2019-09-30",9,2019
7170357,"power","power-pontoon","Bennington","23SSNPXAPGP",2019,"new",25,NA,NA,"other","other",1,0,NA,NA,NA,43038,27369,"Red Wing","MN",NA,"2019-08-05",8,2019
7263380,"power","power-trawler","Helmsman Trawlers","38 Pilothouse",2016,"used",37.99,13.91,NA,"fiberglass","diesel",1,0,NA,NA,"",439000,34172,"Seattle, WA USA - At Our Docks!","WA",NA,"2019-10-25",10,2019
7238043,"power","power-bass","Ranger","RT198P",2020,"new",19,NA,NA,"other","other",1,0,NA,NA,"",34643,12868,"Warsaw","MO",NA,"2019-10-02",10,2019
6912273,"power","power-bowrider","Stingray","204 LR",2019,"new",20.42,8.25,2490,"fiberglass","gasoline",1,115,2019,2019,"outboard",34500,32212,"Baltimore","MD","21221","2018-11-15",11,2018
7239604,"power","power-pwc","Yamaha Boats","EX Deluxe",2020,"used",10,NA,NA,"other","other",1,0,NA,NA,"",8899,10610,"Rochester","MN",NA,"2019-10-03",10,2019
6837811,"power","power-skifish","Tahoe","550 TF",2019,"new",19.83,7.83,2395,"fiberglass","",1,150,NA,NA,"outboard",34715,155555,"La Vista","NE","68138","2018-09-10",9,2018
6974632,"sail","sail-cutter","Island Packet","35",1994,"used",35,12,NA,"fiberglass","diesel",1,35,1994,1994,"inboard",98000,14335,"San Diego","CA","92101","2019-01-31",1,2019
7170724,"power","power-cruiser","Blackfin","212CC Center Console",2019,"new",22,NA,NA,"other","other",1,0,NA,NA,"",105946,46516,"Wayzata","MN",NA,"2019-08-05",8,2019
7263843,"power","power-pwc","Yamaha Boats","EX Sport",2020,"new",10.03,2,NA,"fiberglass","gasoline",1,0,NA,NA,"",9480,31870,"Russells Point","OH",NA,"2019-10-26",10,2019
6870784,"power","power-downeast","Mainship","Pilot 34",2003,"used",34,12.25,16000,"fiberglass","diesel",2,480,NA,NA,"inboard",126000,27713,"Siesta Key","FL","34242","2018-10-10",10,2018
7239683,"power","power-pontoon","Bennington","20SLVSG",2020,"new",21,NA,NA,"other","other",1,0,NA,NA,"",20835,27369,"Red Wing","MN",NA,"2019-10-03",10,2019
7047523,"power","power-bowrider","Bayliner","Element E18",2019,"new",18.17,7.42,2000,"fiberglass","other",1,0,NA,NA,"",21500,32210,"Afton","OK",NA,"2019-04-12",4,2019
6263844,"power","power-highperf","Shockwave","cat",2006,"used",26,NA,NA,"fiberglass","",0,NA,NA,NA,"",74900,39962,"Lake Havasu City","AZ","86403","2017-06-08",6,2017
7047352,"power","power-center","SeaVee","32 Open",2010,"used",32,10,NA,"fiberglass","gasoline",0,NA,NA,NA,"",185000,60653,"Miami","FL","33019","2019-04-12",4,2019
7197292,"power","power-center","Parker","1801 Center Console",2007,"used",18,NA,NA,"other","other",1,0,NA,NA,"",17900,34959,"Marrero","LA","70072","2019-08-27",8,2019
6960017,"power","power-skiwake","Heyday","WT-Surf",2019,"new",25,NA,NA,"other","other",1,0,NA,NA,"",63345,61548,"Young Harris","GA",NA,"2019-01-17",1,2019
6900423,"power","power-pwc","Sea-Doo","GTX Limited 300",2019,"new",11.32,1,NA,"fiberglass","gasoline",1,0,NA,NA,"inboard",17099,1190,"Texarkana","TX","75501","2018-11-05",11,2018
6871815,"power","power-jon","G3","Gator Tough 16 DK",2019,"new",16.42,5.75,525,"aluminum","gasoline",1,50,2019,2019,"outboard",14531,52603,"Davis","OK","73030","2018-10-10",10,2018
5475255,"power","power-cruiser","Bayliner","285",2011,"used",28,9.83,8056,"fiberglass","gasoline",1,300,2011,2011,"inboard-outboard",49900,16886,"Branford","CT","","2015-12-16",12,2015
6993588,"power","power-bass","Crestliner","PT 20",2019,"new",20,8,1537,"aluminum","gasoline",1,200,NA,NA,"outboard",40887,53400,"Ooltewah","TN","37363","2019-02-20",2,2019
6821154,"power","power-fresh","Cruisers","WOODEN BOAT 14",1950,"used",14,NA,NA,"other","other",1,0,NA,NA,"",1999,34482,"Mecosta","MI",NA,"2018-08-26",8,2018
6917371,"power","power-bowrider","Four Winns","FREEDOM 160",1987,"used",17,8.42,NA,"fiberglass","gasoline",1,0,1987,1987,"inboard-outboard",4995,215394,"Shawano","WI","54166","2018-11-21",11,2018
6187610,"sail","sail-ketch","Homemade","Chinese Junk",2017,"used",48,14.25,50000,"steel","diesel",1,150,NA,NA,"inboard",95000,21060,"Irvington","AL","","2017-03-29",3,2017
6936293,"power","power-cruiser","Sea Ray","44 Sundancer",2007,"used",44,14,22500,"fiberglass","diesel",2,1000,NA,NA,"inboard",280000,21450,"Georgetown","MD","21620","2018-12-13",12,2018
7089616,"power","power-pontoon","Bennington","25SPDXP",2019,"used",27,NA,NA,"other","other",1,0,NA,NA,"",57830,10610,"Rochester","MN",NA,"2019-05-21",5,2019
7223470,"power","power-aluminum","Crestliner","1650 Discovery SC",2019,"new",16.5,6.33,875,"aluminum","other",1,0,NA,NA,"",16649,12667,"Kaukauna","WI",NA,"2019-09-19",9,2019
7225428,"power","power-pontoon","Sylvan","20 Fish",1991,"used",20.08,NA,NA,"aluminum","gasoline",1,0,NA,NA,"",4295,31870,"Russells Point","OH",NA,"2019-09-20",9,2019
6967210,"power","power-bass","Tracker","Pro Team 175 TXW",2019,"new",17.58,7.42,1050,"aluminum","gasoline",1,60,2019,2019,"outboard-4s",19045,56482,"New Bern","NC","28560","2019-01-24",1,2019
7193617,"power","power-pontoon","SunCatcher","Elite Series",2019,"new",26,NA,NA,"other","other",1,0,NA,NA,"",67500,32348,"Kingston","OK",NA,"2019-08-23",8,2019
7254657,"power","power-pontoon","Bennington","20SFVSG",2020,"used",21,NA,NA,"other","other",1,0,NA,NA,"",20835,10610,"Rochester","MN",NA,"2019-10-17",10,2019
7086017,"power","power-bay","Mako","18 LTS",2019,"new",18.5,7.58,1752,"fiberglass","",1,115,NA,NA,"outboard",30440,155353,"Fort Worth","TX","76177","2019-05-17",5,2019
7239684,"power","power-pontoon","Bennington","20SLVSG",2020,"new",21,NA,NA,"other","other",1,0,NA,NA,NA,20835,27369,"Red Wing","MN",NA,"2019-10-03",10,2019
7228986,"power","power-bowrider","Four Winns","180 Horizon",2000,"used",18,8.06,NA,"fiberglass","gasoline",1,0,NA,NA,"",6499,61723,"Fortson","GA",NA,"2019-09-24",9,2019
7060066,"power","power-bowrider","Yamaha Boats","242 Limited S E-Series",2019,"new",24,9,NA,"fiberglass","other",2,0,NA,NA,"",67394,5268,"Pewaukee","WI","53072","2019-04-23",4,2019
7192404,"power","power-sportfish","Lowe","195 Stinger",2013,"used",19,8.06,NA,"fiberglass","gasoline",1,0,NA,NA,"outboard",19995,57470,"Canton","GA",NA,"2019-08-22",8,2019
7069808,"power","power-cuddy","Regal","33 SAV",2018,"used",33,10.33,11750,"fiberglass","gasoline",2,600,2018,2018,"outboard",299995,14386,"Panama City Beach","FL","32408","2019-05-02",5,2019
5906935,"power","power-house","Harbor Master","Coastal 450",1989,"used",45,14,19500,"fiberglass","gasoline",2,0,1989,1989,"inboard",96900,32168,"Fort Myers","FL","33908","2016-08-15",8,2016
7132248,"power","power-pontoon","Sun Tracker","Fishin' Barge 24 XP3",2019,"new",26.17,8.5,2960,"aluminum","",1,150,NA,NA,"outboard-4s",41340,53190,"Bristol","TN","37621","2019-06-29",6,2019
7164955,"power","power-fresh","Caravelle boat group","230WI",2019,"new",23,NA,NA,"other","other",1,0,NA,NA,"",79990,164670,"Ridgeland","SC",NA,"2019-07-30",7,2019
4726031,"power","power-convertible","Hatteras","45 Convertible w 500 HRS",1970,"used",45,14.58,37000,"fiberglass","diesel",2,550,1970,1970,"inboard",49500,17929,"Beach Haven","NJ","","2014-06-02",6,2014
7233368,"power","power-pontoon","Starcraft","236STARDECKCRS",2015,"new",23,NA,NA,"fiberglass","other",1,0,NA,NA,"",17995,5268,"Pewaukee","WI","53072","2019-09-28",9,2019
6549904,"power","power-motor","Carver","400 Cockpit Motor Yacht",1998,"used",40,13.25,24300,"fiberglass","gasoline",2,660,1998,1998,"inboard",69900,5027,"Milwaukee","WI","53204","2017-12-02",12,2017
7110822,"power","power-pontoon","Bennington","GSR 22",2017,"used",24,8.5,NA,"aluminum","gasoline",1,150,2017,2017,"outboard-4s",49995,35205,"Kingston","TN","37763","2019-06-12",6,2019
5969400,"power","power-cruiser","Formula","34 PC",2017,"used",35,NA,NA,"fiberglass","gasoline",0,NA,NA,NA,"",450101,50123,"","IL","60608","2016-10-12",10,2016
7018114,"power","power-center","Polar Kraft","SPORTX 190CC",2019,"new",18,NA,NA,"aluminum","other",1,0,NA,NA,"",28999,12440,"Southside","AL",NA,"2019-03-14",3,2019
6776793,"power","power-convertible","Hatteras","38 Convertible",1971,"used",38,13.58,29000,"fiberglass","diesel",2,660,2010,2010,"inboard",129900,58599,"Okeechobee","FL","34973","2018-07-16",7,2018
6893443,"power","power-aluminum","Tracker","Pro Guide V-175 SC",2019,"new",17.58,8.08,1500,"aluminum","",1,115,NA,NA,"outboard",24670,1205,"Harrison","TN","37341","2018-10-29",10,2018
7231930,"power","power-unspec","Aqua Patio","AP255RL",2017,"used",25,NA,NA,"other","other",1,0,NA,NA,NA,49900,34869,"Alexander City","AL",NA,"2019-09-26",9,2019
6968564,"power","power-bass","Nitro","ZV19",2019,"new",18.92,8.5,2300,"fiberglass","gasoline",1,150,2019,2019,"outboard",40540,56482,"New Bern","NC","28560","2019-01-25",1,2019
7132124,"power","power-center","Sportsman","Open 312 Center Console",2019,"new",31,10,NA,"fiberglass","other",1,0,NA,NA,"",228850,52761,"Miami","FL",NA,"2019-06-28",6,2019
7175991,"power","power-pontoon","Bennington","2275 RCW",2013,"used",24,NA,NA,"other","other",1,0,NA,NA,"",48995,38161,"Austin","TX",NA,"2019-08-07",8,2019
6764991,"power","power-bowrider","Crownline","E4 EC-11",2012,"used",24,8.42,NA,"fiberglass","gasoline",1,300,NA,NA,"",52900,34550,"Wolfeboro","NH","03894","2018-07-03",7,2018
7015211,"power","power-cruiser","Cruisers Yachts","3575 Express",1999,"used",35,13,16000,"fiberglass","gasoline",2,620,2000,2000,"inboard",60000,21450,"Grasonville","MD","21638","2019-03-12",3,2019
6989712,"power","power-deck","Bayliner","Element E21",2019,"new",20.67,7.75,2645,"ferro-cement","gasoline",1,150,NA,NA,"outboard",33500,32348,"Kingston","OK","73439","2019-02-15",2,2019
6905093,"power","power-cruiser","Regal","2860 Regal",2010,"used",28,NA,NA,"composite","other",1,0,NA,NA,"",52900,152763,"Daytona Beach","FL",NA,"2018-11-08",11,2018
7262105,"power","power-skiwake","Nautique","Sport 226",2005,"used",22,NA,NA,"fiberglass","other",1,0,NA,NA,"",32995,5268,"Pewaukee","WI","53072","2019-10-25",10,2019
6950094,"power","power-jon","Tracker","Grizzly 1860 CC",2019,"new",19.17,7,1020,"aluminum","",1,90,NA,NA,"outboard",20965,155371,"Sidney","NE","69160","2019-01-07",1,2019
7170441,"power","power-pontoon","Bennington","23SPDXP",2020,"new",1,NA,NA,"other","other",1,0,NA,NA,NA,60509,27369,"Red Wing","MN",NA,"2019-08-05",8,2019
7205384,"power","power-bowrider","Cobalt","262 WSS",2013,"used",27.7,8.06,NA,"fiberglass","gasoline",1,0,NA,NA,"",75500,5130,"Lewisville","TX",NA,"2019-09-04",9,2019
6965839,"power","power-motor","Silverton","352 Motor Yacht",1999,"used",35,13,20809,"fiberglass","gasoline",2,640,2000,2000,"inboard",72900,41207,"Hollywood","FL","33021","2019-01-23",1,2019
7034142,"power","power-aluminum","Tracker","Targa V-19 Combo",2019,"new",19,8.5,2001,"aluminum","",1,200,NA,NA,"outboard",43175,34422,"Forest Lake","MN","55025","2019-03-30",3,2019
6840739,"power","power-bass","Nitro","Z19",2019,"new",19.33,7.83,1850,"fiberglass","gasoline",1,200,NA,NA,"outboard",41490,1581,"Grand Island","NY","14072","2018-09-12",9,2018
7238081,"power","power-center","Pro-Line","23 Sport Series 23",2007,"used",23,NA,NA,"other","other",1,0,NA,NA,"",29995,34959,"Marrero","LA","70072","2019-10-02",10,2019
6637574,"power","power-inflatable","Zodiac","Yatchline 440 DL 60hp",2019,"new",14,6,NA,"fiberglass","gasoline",1,60,2018,2018,"outboard",25865,164656,"Stanford","KY",NA,"2018-08-14",8,2018
7258214,"power","power-sportcruiser","Sea Ray","182BR/SS",2003,"used",18,NA,NA,"fiberglass","other",1,0,NA,NA,"",9995,5266,"Madison","WI","53704","2019-10-22",10,2019
6896275,"power","power-bowrider","Bryant","233",2010,"used",23.25,8.42,NA,"fiberglass","gasoline",1,0,NA,NA,"inboard-outboard",34999,35225,"Cleveland","TN","37323","2018-10-31",10,2018
7166454,"power","power-pontoon","Bennington","21SSBX",2020,"used",1,102,NA,"other","other",1,0,NA,NA,"",45020,10610,"Rochester","MN",NA,"2019-07-31",7,2019
7256740,"power","power-pontoon","South Bay","224RS",2020,"new",24,NA,NA,"aluminum","other",1,0,NA,NA,"",48374,34414,"Lake Ariel","PA",NA,"2019-10-20",10,2019
6899170,"power","power-pontoon","Sun Tracker","Party Barge 24 DLX",2019,"new",26.17,8.5,2200,"aluminum","",1,150,NA,NA,"outboard",36655,1230,"Alachua","FL","32615","2018-11-03",11,2018
6983383,"power","power-center","Sea Master","Center Consoles",2001,"used",18,8,NA,"fiberglass","gasoline",0,NA,NA,NA,"",12500,35072,"Fort Lauderdale","FL","33312","2019-02-08",2,2019
7044238,"power","power-center","NauticStar","2302 Legacy",2019,"new",22,NA,NA,"fiberglass","other",1,0,NA,NA,"",69350,6055,"Pensacola","FL",NA,"2019-04-09",4,2019
6953993,"power","power-other","Qwest","820 LS Lanai Cruise",2019,"new",20,NA,NA,"aluminum","other",1,0,NA,NA,"",32200,12524,"Keego Harbor","MI",NA,"2019-01-10",1,2019
7053856,"power","power-bowrider","Glastron","289 GS",2011,"used",28,9.08,NA,"fiberglass","other",1,0,NA,NA,"",59900,5780,"Marblehead","OH","43440","2019-04-17",4,2019
6607285,"power","power-center","Epic","21 SC $33,995.00",2016,"new",20,NA,NA,"fiberglass","other",1,0,NA,NA,"",33995,38161,"Austin","TX",NA,"2018-02-07",2,2018
7204367,"power","power-saltfish","Boston Whaler","220 Dauntless",2004,"used",22.42,8.5,2580,"fiberglass","other",1,0,NA,NA,"",25995,37214,"Lake City","FL","32055","2019-09-04",9,2019
7193771,"power","power-pontoon","SunCatcher","X Series",2020,"new",22,NA,NA,"other","other",1,0,NA,NA,"",56500,32348,"Kingston","OK",NA,"2019-08-23",8,2019
6600075,"power","power-commercial","Sea Force IX","Crew/Supply",2014,"used",45,14,NA,"aluminum","other",0,NA,NA,NA,"",2e+05,21060,"Palmetto","FL","","2018-02-01",2,2018
6352243,"power","power-skiff","May-Craft","189 Cape Classic Skiff",2017,"used",18,NA,NA,"fiberglass","gasoline",1,70,2017,2017,"outboard-4s",18900,61946,"Little River","SC","29566","2017-08-30",8,2017
6870772,"power","power-bowrider","Regal","2000 ES Bowrider",2019,"new",20.17,8.5,3400,"fiberglass","gasoline",1,200,2019,2019,"inboard-outboard",41423,35010,"Cornelius","NC","28031","2018-10-10",10,2018
7251798,"power","power-other","Century","24 Resorter",2017,"used",24,NA,NA,"fiberglass","other",1,0,NA,NA,"",79980,2894,"Tavernier","FL",NA,"2019-10-15",10,2019
7166797,"power","power-pontoon","Godfrey","Sweetwater",2005,"used",22,NA,NA,"other","other",1,0,NA,NA,NA,7750,34869,"Alexander City","AL",NA,"2019-08-01",8,2019
7170917,"power","power-pontoon","Bennington","21SSRCX",2020,"new",1,102,NA,"other","other",1,0,NA,NA,"",43006,46516,"Wayzata","MN",NA,"2019-08-05",8,2019
7093481,"power","power-pontoon","Sun Tracker","Party Barge 22 XP3",2019,"new",24.17,8.5,2885,"aluminum","",1,150,NA,NA,"outboard",40705,157755,"Gonzales","LA","70737","2019-05-24",5,2019
6889992,"power","power-bass","Tracker","Pro Team 175 TXW",2019,"new",17.58,7.42,1050,"aluminum","",1,75,NA,NA,"outboard-4s",21125,52590,"New Haven","IN","46774","2018-10-25",10,2018
7268266,"power","power-skiwake","Mastercraft","X30",2014,"used",23,NA,NA,"other","other",1,0,NA,NA,"",77900,20680,"Hudsonville","MI",NA,"2019-10-30",10,2019
6866275,"power","power-jon","Tracker","Grizzly 1860 CC Sportsman",2019,"new",19.5,7,1440,"aluminum","",1,90,NA,NA,"outboard",25785,155371,"Sidney","NE","69160","2018-10-05",10,2018
7053944,"sail","sail-cruiser","Hunter","356",2003,"used",36,12,13900,"fiberglass","diesel",1,27,2003,2003,"inboard",69900,18094,"Port Clinton","OH","43452","2019-04-17",4,2019
7138456,"power","power-deck","Stingray","212SC (OB)",2019,"new",21.91,8.5,3100,"fiberglass","gasoline",1,150,NA,NA,"outboard",44995,34984,"Fox Lake","IL",NA,"2019-07-04",7,2019
7268265,"power","power-pontoon","Crest","2200",2016,"used",22,NA,NA,"aluminum","other",1,0,NA,NA,"",22900,219484,"Polk City","FL",NA,"2019-10-30",10,2019
7067419,"power","power-pontoon","Bennington","25SPDXP",2019,"used",27,102,NA,"other","other",1,0,NA,NA,"",56501,10610,"Rochester","MN",NA,"2019-04-30",4,2019
7254637,"power","power-jon","G3","Gator Tough",2019,"new",16,NA,NA,"other","other",1,0,NA,NA,"",12300,32348,"Kingston","OK",NA,"2019-10-17",10,2019
7031014,"power","power-skiff","Mako","Pro Skiff 15 CC",2019,"new",15.17,6.5,1140,"fiberglass","",1,60,NA,NA,"outboard",17630,1253,"Prattville","AL","36066","2019-03-27",3,2019
7104432,"power","power-pontoon","Sun Tracker","Bass Buggy 18 DLX",2019,"new",20,8.17,1420,"aluminum","",1,60,NA,NA,"outboard",21515,1180,"Auburn","NY","13022","2019-06-06",6,2019
6965522,"power","power-bass","Triton","17 TX w/ Mercury 75ELPT Four Stroke",2019,"new",17,NA,NA,"aluminum","other",1,0,NA,NA,"",22352,177478,"Appling","GA",NA,"2019-01-22",1,2019
6970299,"power","power-cruiser","Formula","260 Sun Sport",2003,"used",26,8.5,5450,"fiberglass","gasoline",1,0,2012,2012,"inboard-outboard",39900,56218,"North Miami","FL","33181","2019-01-28",1,2019
7267126,"power","power-fresh","Other","FISHMASTER",1991,"used",17,NA,NA,"other","other",1,0,NA,NA,"",5999,46516,"Wayzata","MN",NA,"2019-10-29",10,2019
7113220,"power","power-pontoon","Sun Tracker","Party Barge 22 XP3",2019,"new",24.17,8.5,2885,"aluminum","",1,200,NA,NA,"outboard",43245,57441,"Memphis","TN","38105","2019-06-14",6,2019
7191186,"power","power-pwc","Sea-Doo","SPARK 2UP IBR CONV",2015,"used",10,NA,NA,"other","other",1,0,NA,NA,"",6000,5080,"Laconia","NH",NA,"2019-08-21",8,2019
6598802,"power","power-cruiser","Carver","350 Mariner",2001,"used",36.58,12.75,18800,"fiberglass","gasoline",2,0,2001,2001,"inboard",149000,58836,"Henderson","NV","89015","2018-01-31",1,2018
6848896,"power","power-house","Gibson","50 ft Cabin Yacht",1998,"used",50,14,NA,"fiberglass","gasoline",0,NA,NA,NA,"",109900,34739,"Saint Charles","MO","63303","2018-09-19",9,2018
7078337,"sail","sail-cruiser","Jeanneau","Sun Odyssey 40.3",2006,"used",41,20,NA,"fiberglass","diesel",1,54,NA,NA,"inboard",115000,53975,"Charleston","SC","29464","2019-05-10",5,2019
7011900,"power","power-bass","Nitro","Z19",2019,"new",19.33,7.83,1850,"fiberglass","gasoline",1,200,NA,NA,"outboard",42735,1213,"Clarksville","IN","47129","2019-03-09",3,2019
6747355,"power","power-runabout","Tahoe","550 TS",2018,"new",19.83,7.83,2395,"fiberglass","",1,150,NA,NA,"outboard",31925,155589,"Hammond","IN","46324","2018-06-15",6,2018
6543157,"power","power-expresscruiser","Azimut","Atlantis 50",2012,"used",50,14.17,NA,"fiberglass","diesel",2,1150,NA,NA,"inboard",469000,63935,"Miami","FL","33139","2017-11-27",11,2017
7099190,"power","power-runabout","Maxum","1800 MX",2009,"used",18,7,1991,"fiberglass","gasoline",1,135,2009,2009,"inboard-outboard",12900,42576,"Knoxville","TN","37922","2019-05-31",5,2019
7122443,"power","power-bay","Sportsman","Masters 207 Bay Boat",2020,"new",20,8,NA,"fiberglass","other",1,0,NA,NA,"",41472,5092,"West Palm Beach","FL",NA,"2019-06-20",6,2019
7170193,"power","power-pontoon","Bennington","24RSRX1 - 10 WIDE",2019,"new",1,120,NA,"other","other",1,0,NA,NA,NA,74596,27369,"Red Wing","MN",NA,"2019-08-05",8,2019
7207881,"power","power-pontoon","Manitou","23 Aurora LE VP",2019,"used",23,NA,NA,"other","other",1,0,NA,NA,"",39999,34588,"Johnson City","TN",NA,"2019-09-06",9,2019
6791674,"power","power-pwc","Sea-Doo","RXP-X 300",2018,"used",11.6,4,850,"fiberglass","gasoline",1,300,NA,NA,"",13999,62469,"Gaylord","MI","49735","2018-07-31",7,2018
6877167,"power","power-pwc","Sea-Doo","RXT-X 300",2019,"new",11.6,4,914,"fiberglass","gasoline",1,300,NA,NA,"",16599,35202,"Hampton Bays","NY","11946","2018-10-16",10,2018
7130639,"power","power-center","Sea Hunt","Ultra 225",2015,"used",22.42,8.5,NA,"fiberglass","gasoline",1,200,NA,NA,"outboard-4s",54900,34516,"Chattanooga","TN","37416","2019-06-27",6,2019
7108249,"power","power-jon","Tracker","Grizzly 1648 SC",2019,"new",16.08,6,715,"aluminum","",1,40,NA,NA,"outboard",13404,1029,"Piedmont","SC","29673","2019-06-10",6,2019
6855924,"power","power-pwc","Yamaha WaveRunner","EX Deluxe",2019,"new",10.3,3.67,NA,"fiberglass","gasoline",1,0,NA,NA,"outboard-4s",8799,34979,"Gallatin","MO","64640","2018-09-26",9,2018
6774572,"power","power-bass","Triton","18 C TX",2018,"new",18.67,7.67,1080,"aluminum","gasoline",1,115,2018,2018,"outboard-4s",28200,102570,"Brandon","MS","39047","2018-07-13",7,2018
6525942,"power","power-skiff","Mako","Pro Skiff 19 CC",2018,"new",19.33,7.75,1350,"fiberglass","",1,115,NA,NA,"outboard",25260,155481,"Gainesville","VA","20155","2017-11-09",11,2017
7260628,"power","power-runabout","Four Winns","Horizon",1997,"used",17,NA,NA,"fiberglass","other",1,0,NA,NA,"",4999,53226,"Prairie Grove","IL",NA,"2019-10-23",10,2019
6955148,"power","power-center","Robalo","R222 Center Console",2019,"new",21.5,8.5,3700,"fiberglass","gasoline",1,2019,2019,2019,"outboard",62865,5157,"Islip Terrace","NY","11752","2019-01-12",1,2019
6985357,"power","power-motor","Sunseeker","76 Yacht",2019,"new",76,19.5,118140,"fiberglass","diesel",1,0,NA,NA,"inboard",1483185,33396,"Miami","FL","33180","2019-02-11",2,2019
7229278,"power","power-cruiser","Trojan","Tri Cabin",1986,"used",36,13,NA,"fiberglass","gasoline",2,0,NA,NA,"",32000,5777,"Harrison Township","MI","48045","2019-09-25",9,2019
6908465,"power","power-fresh","Lund","1775 Pro Guide",2019,"new",17,NA,NA,"aluminum","other",1,0,NA,NA,"",35582,5525,"Nekoosa","WI",NA,"2018-11-12",11,2018
6968431,"power","power-runabout","Tahoe","450 TS",2019,"new",18.42,7.83,2270,"fiberglass","gasoline",1,90,2019,2019,"outboard",25990,56482,"New Bern","NC","28560","2019-01-25",1,2019
7038131,"power","power-pwc","Sea-Doo","GTX 155",2019,"new",10,4,NA,"fiberglass","gasoline",1,155,NA,NA,"inboard",12799,35079,"Grand Island","NY","14072","2019-04-03",4,2019
6960655,"power","power-center","Tahoe","2150 CC",2019,"new",21.08,8.5,2600,"fiberglass","gasoline",1,150,NA,NA,"outboard",37490,1078,"Springfield","MO","65807","2019-01-18",1,2019
3711404,"power","power-expresscruiser","Formula","PC34",2004,"used",34,11.5,NA,"fiberglass","gasoline",2,0,2004,2004,"inboard-outboard",89995,35276,"Mannford","OK","74044","2011-09-14",9,2011
7259459,"power","power-unspec","Yamaha Boats","SX195",2018,"used",20,NA,NA,"other","other",1,0,NA,NA,NA,31900,29402,"Kimberling City","MO",NA,"2019-10-22",10,2019
7243372,"power","power-pontoon","Bennington","25 G Stern Radius",2019,"new",25,NA,NA,"other","other",1,0,NA,NA,"",32799,34482,"Mecosta","MI",NA,"2019-10-07",10,2019
6961979,"power","power-bass","Triton","189 TRX",2019,"new",18.67,7.83,1690,"fiberglass","gasoline",1,150,NA,NA,"outboard",34502,1065,"Anaheim","CA","92806","2019-01-18",1,2019
6751590,"power","power-jon","Tracker","Grizzly 1860 CC Sportsman",2018,"new",19.5,7,1440,"aluminum","",1,60,NA,NA,"outboard",21735,155579,"East Hartford","CT","06118","2018-06-20",6,2018
7170856,"power","power-cruiser","Blackfin","272DC Dual Console",2019,"new",27,NA,NA,"other","other",1,0,NA,NA,NA,269999,46516,"Wayzata","MN",NA,"2019-08-05",8,2019
6881975,"power","power-expresscruiser","Sea Ray","390 Sundancer",2010,"used",39,12.5,NA,"fiberglass","gasoline",2,760,NA,NA,"inboard",209900,61417,"Orange Beach","AL","36561","2018-10-19",10,2018
7127551,"power","power-other","Falcon Boats","F205",2018,"used",20,NA,NA,"fiberglass","other",1,0,NA,NA,"",56999,37214,"Lake City","FL","32055","2019-06-25",6,2019
7022447,"power","power-bass","Skeeter","FX20LE",2019,"new",20,NA,NA,"fiberglass","other",1,0,NA,NA,"",67995,12440,"Southside","AL",NA,"2019-03-19",3,2019
7239510,"power","power-fresh","Ranger","2310 Bay Ranger",2014,"used",23,NA,NA,"other","other",1,0,NA,NA,"",53900,227731,"Clermont","FL",NA,"2019-10-03",10,2019
7166425,"power","power-cruiser","Sea Ray","240 Sundeck",2011,"used",24,NA,NA,"other","other",1,0,NA,NA,"",49999,10610,"Rochester","MN",NA,"2019-07-31",7,2019
7043720,"power","power-aluminum","Smoker Craft","Pro Angler 172 XL",2019,"new",17.25,NA,1305,"aluminum","other",1,0,NA,NA,"",32000,34821,"Madera","CA",NA,"2019-04-09",4,2019
6320404,"power","power-expresscruiser","Beneteau America","Gran Turismo 38",2014,"used",38,12.17,16199,"fiberglass","diesel",2,600,NA,NA,"inboard",319000,31329,"Miami","FL",NA,"2017-08-02",8,2017
7238247,"power","power-center","Parker","21 Special Edition",2018,"used",21,86,NA,"fiberglass","gasoline",1,0,NA,NA,"",53900,34698,"Hingham","MA",NA,"2019-10-03",10,2019
